#MPA, Kmeans, Cmeans
2.09848,1.13631,1.04504
