#MPA, Kmeans, Cmeans
0.00350876,0.443661,0.441276
