#MPA, Kmeans, Cmeans
0.53255,0.866036,0.872088
