#MPA, Kmeans, Cmeans
0.597441,0.384549,0.384969
