#MPA, Kmeans, Cmeans
0.497509,0.49827,0.49827
#MPA, Kmeans, Cmeans
0.497509,0.49827,0.49827
#MPA, Kmeans, Cmeans
0.497509,0.49827,0.49827
#MPA, Kmeans, Cmeans
0.49827,0.49827,0.49827
#MPA, Kmeans, Cmeans
0.497509,0.49827,0.49827
#MPA, Kmeans, Cmeans
0.497509,0.49827,0.49827
#MPA, Kmeans, Cmeans
0.497509,0.49827,0.49827
#MPA, Kmeans, Cmeans
0.497509,0.49827,0.49827
#MPA, Kmeans, Cmeans
0.497509,0.49827,0.49827
#MPA, Kmeans, Cmeans
0.497509,0.49827,0.49827
