#MPA, Kmeans, Cmeans
0.535335,0.839414,0.863029
#MPA, Kmeans, Cmeans
0.535335,0.866036,0.799995
#MPA, Kmeans, Cmeans
0.535335,0.866036,0.781195
#MPA, Kmeans, Cmeans
0.535335,0.866036,0.830763
#MPA, Kmeans, Cmeans
0.535335,0.875133,0.872088
#MPA, Kmeans, Cmeans
0.535335,0.866036,0.872088
#MPA, Kmeans, Cmeans
0.535335,0.728434,0.872088
#MPA, Kmeans, Cmeans
0.535335,0.866036,0.872088
#MPA, Kmeans, Cmeans
0.534394,0.866036,0.848177
#MPA, Kmeans, Cmeans
0.535335,0.866036,0.760452
