#MPA, Kmeans, Cmeans
0.942569,0.953777,0.953777
#MPA, Kmeans, Cmeans
0.942569,0.953777,0.953777
#MPA, Kmeans, Cmeans
0.942569,0.953777,0.953777
#MPA, Kmeans, Cmeans
0.953777,0.953777,0.953777
#MPA, Kmeans, Cmeans
0.942569,0.953777,0.953777
#MPA, Kmeans, Cmeans
0.942569,0.953777,0.953777
#MPA, Kmeans, Cmeans
0.942569,0.953777,0.953777
#MPA, Kmeans, Cmeans
0.942569,0.953777,0.953777
#MPA, Kmeans, Cmeans
0.942569,0.953777,0.953777
#MPA, Kmeans, Cmeans
0.942569,0.953777,0.953777
